"First Name","Last Name",Email,"Phone No.",Address
,,photosnew123@gmail.com,9874563213,checking
new,customer,DayCare@gmail.com,123654789,Addres
main,,photosnew@gmail.com,9874563213,checking
,,photosnew@gmail.com1,9874563213,checking
,,photosnew@gmail.com11,9874563213,checking
,,photosnew@gmail.com111,9874563213,checking
,,photosnew@gmail.com1111,9874563213,checking
,,photosnew@gmail.com111111,9874563213,checking
,,photosnew@gmail.comm,9874563213,checking
,,photosnew@gmail.commm,9874563213,checking
,,photosnew@gmail.commmm,9874563213,checking
cus,cus,cusa44@gmail.commi,9874563213,checking
,,mob@gmail.com,1234561234,test
